NAME;MAINID;GROUPID;GROUPNO;SECTIONID;STARTTIME;KAMP
Divisionsturneringen 2018/2019;12;12;1;56;17.11.2018 12:30;1
Divisionsturneringen 2018/2019;12;12;1;57;17.11.2018 19:30;2
Divisionsturneringen 2018/2019;12;12;1;58;18.11.2018 12:30;3
Divisionsturneringen 2018/2019;12;12;1;59;12.01.2019 12:30;4
Divisionsturneringen 2018/2019;12;12;1;60;12.01.2019 19:30;5
Divisionsturneringen 2018/2019;12;12;1;61;13.01.2019 12:30;6
Divisionsturneringen 2018/2019;12;12;1;62;02.03.2019 12:30;7
Divisionsturneringen 2018/2019;12;12;1;63;03.03.2019 09:00;8
Divisionsturneringen 2018/2019;12;12;1;64;06.04.2019 12:30;9
Divisionsturneringen 2018/2019;12;12;1;65;06.04.2019 19:30;10
Divisionsturneringen 2018/2019;12;12;1;66;07.04.2019 12:30;11
Divisionsturneringen 2018/2019;12;13;2;67;17.11.2018 12:30;1
Divisionsturneringen 2018/2019;12;13;2;68;17.11.2018 19:30;2
Divisionsturneringen 2018/2019;12;13;2;69;18.11.2018 12:30;3
Divisionsturneringen 2018/2019;12;13;2;70;12.01.2019 12:30;4
Divisionsturneringen 2018/2019;12;13;2;71;12.01.2019 19:30;5
Divisionsturneringen 2018/2019;12;13;2;72;13.01.2019 12:30;6
Divisionsturneringen 2018/2019;12;13;2;73;02.03.2019 12:30;7
Divisionsturneringen 2018/2019;12;13;2;74;03.03.2019 09:00;8
Divisionsturneringen 2018/2019;12;13;2;75;06.04.2019 12:30;9
Divisionsturneringen 2018/2019;12;13;2;76;06.04.2019 19:30;10
Divisionsturneringen 2018/2019;12;13;2;77;07.04.2019 12:30;11
Divisionsturneringen 2018/2019;12;14;3;78;17.11.2018 12:30;1
Divisionsturneringen 2018/2019;12;14;3;79;17.11.2018 19:30;2
Divisionsturneringen 2018/2019;12;14;3;80;18.11.2018 12:30;3
Divisionsturneringen 2018/2019;12;14;3;81;12.01.2019 12:30;4
Divisionsturneringen 2018/2019;12;14;3;82;12.01.2019 19:30;5
Divisionsturneringen 2018/2019;12;14;3;83;13.01.2019 12:30;6
Divisionsturneringen 2018/2019;12;14;3;84;02.03.2019 12:30;7
Divisionsturneringen 2018/2019;12;14;3;85;03.03.2019 09:00;8
Divisionsturneringen 2018/2019;12;14;3;86;06.04.2019 12:30;9
Divisionsturneringen 2018/2019;12;14;3;87;06.04.2019 19:30;10
Divisionsturneringen 2018/2019;12;14;3;88;07.04.2019 12:30;11
Divisionsturneringen 2018/2019;12;15;4;89;17.11.2018 12:30;1
Divisionsturneringen 2018/2019;12;15;4;90;17.11.2018 19:30;2
Divisionsturneringen 2018/2019;12;15;4;91;18.11.2018 12:30;3
Divisionsturneringen 2018/2019;12;15;4;92;12.01.2019 12:30;4
Divisionsturneringen 2018/2019;12;15;4;93;12.01.2019 19:30;5
Divisionsturneringen 2018/2019;12;15;4;94;13.01.2019 12:30;6
Divisionsturneringen 2018/2019;12;15;4;95;02.03.2019 12:30;7
Divisionsturneringen 2018/2019;12;15;4;96;03.03.2019 09:00;8
Divisionsturneringen 2018/2019;12;15;4;97;06.04.2019 12:30;9
Divisionsturneringen 2018/2019;12;15;4;98;06.04.2019 19:30;10
Divisionsturneringen 2018/2019;12;15;4;99;07.04.2019 12:30;11
Divisionsturneringen 2019/2020;39;51;1;258;05.10.2019 12:30;1
Divisionsturneringen 2019/2020;39;51;1;259;06.10.2019 09:00;2
Divisionsturneringen 2019/2020;39;51;1;260;16.11.2019 12:30;3
Divisionsturneringen 2019/2020;39;51;1;261;16.11.2019 19:30;4
Divisionsturneringen 2019/2020;39;51;1;262;17.11.2019 12:30;5
Divisionsturneringen 2019/2020;39;51;1;263;11.01.2020 12:30;6
Divisionsturneringen 2019/2020;39;51;1;264;11.01.2020 19:30;7
Divisionsturneringen 2019/2020;39;51;1;265;12.01.2020 12:30;8
Divisionsturneringen 2019/2020;39;51;1;266;15.08.2020 12:30;9
Divisionsturneringen 2019/2020;39;51;1;267;15.08.2020 19:30;10
Divisionsturneringen 2019/2020;39;51;1;268;16.08.2020 12:30;11
Divisionsturneringen 2019/2020;39;52;2;269;05.10.2019 12:30;1
Divisionsturneringen 2019/2020;39;52;2;270;06.10.2019 09:00;2
Divisionsturneringen 2019/2020;39;52;2;271;16.11.2019 12:30;3
Divisionsturneringen 2019/2020;39;52;2;272;16.11.2019 19:30;4
Divisionsturneringen 2019/2020;39;52;2;273;17.11.2019 12:30;5
Divisionsturneringen 2019/2020;39;52;2;274;11.01.2020 12:30;6
Divisionsturneringen 2019/2020;39;52;2;275;11.01.2020 19:30;7
Divisionsturneringen 2019/2020;39;52;2;276;12.01.2020 12:30;8
Divisionsturneringen 2019/2020;39;52;2;277;15.08.2020 12:30;9
Divisionsturneringen 2019/2020;39;52;2;278;15.08.2020 19:30;10
Divisionsturneringen 2019/2020;39;52;2;279;16.08.2020 12:30;11
Divisionsturneringen 2019/2020;39;53;3;280;05.10.2019 12:30;1
Divisionsturneringen 2019/2020;39;53;3;281;06.10.2019 09:00;2
Divisionsturneringen 2019/2020;39;53;3;282;16.11.2019 12:30;3
Divisionsturneringen 2019/2020;39;53;3;283;16.11.2019 19:30;4
Divisionsturneringen 2019/2020;39;53;3;284;17.11.2019 12:30;5
Divisionsturneringen 2019/2020;39;53;3;285;11.01.2020 12:30;6
Divisionsturneringen 2019/2020;39;53;3;286;11.01.2020 19:30;7
Divisionsturneringen 2019/2020;39;53;3;287;12.01.2020 12:30;8
Divisionsturneringen 2019/2020;39;53;3;288;15.08.2020 12:30;9
Divisionsturneringen 2019/2020;39;53;3;289;15.08.2020 19:30;10
Divisionsturneringen 2019/2020;39;53;3;290;16.08.2020 12:30;11
Divisionsturneringen 2019/2020;39;54;4;291;05.10.2019 12:30;1
Divisionsturneringen 2019/2020;39;54;4;292;06.10.2019 09:00;2
Divisionsturneringen 2019/2020;39;54;4;293;16.11.2019 12:30;3
Divisionsturneringen 2019/2020;39;54;4;294;16.11.2019 19:30;4
Divisionsturneringen 2019/2020;39;54;4;295;17.11.2019 12:30;5
Divisionsturneringen 2019/2020;39;54;4;296;11.01.2020 12:30;6
Divisionsturneringen 2019/2020;39;54;4;297;11.01.2020 19:30;7
Divisionsturneringen 2019/2020;39;54;4;298;12.01.2020 12:30;8
Divisionsturneringen 2019/2020;39;54;4;299;15.08.2020 12:30;9
Divisionsturneringen 2019/2020;39;54;4;300;15.08.2020 19:30;10
Divisionsturneringen 2019/2020;39;54;4;301;16.08.2020 12:30;11
Divisionsturneringen 2020/2021;70;101;1;486;03.10.2020 12:30;1
Divisionsturneringen 2020/2021;70;101;1;487;03.10.2020 19:30;2
Divisionsturneringen 2020/2021;70;101;1;488;04.10.2020 12:30;3
Divisionsturneringen 2020/2021;70;101;1;489;14.11.2020 12:30;4
Divisionsturneringen 2020/2021;70;101;1;490;14.11.2020 19:30;5
Divisionsturneringen 2020/2021;70;101;1;491;15.11.2020 12:30;6
Divisionsturneringen 2020/2021;70;101;1;492;09.01.2021 12:30;7
Divisionsturneringen 2020/2021;70;101;1;493;10.01.2021 09:00;8
Divisionsturneringen 2020/2021;70;101;1;494;06.03.2021 12:30;9
Divisionsturneringen 2020/2021;70;101;1;495;06.03.2021 19:30;10
Divisionsturneringen 2020/2021;70;101;1;496;07.03.2021 12:30;11
Divisionsturneringen 2020/2021;70;102;2;497;03.10.2020 12:30;1
Divisionsturneringen 2020/2021;70;102;2;498;03.10.2020 19:30;2
Divisionsturneringen 2020/2021;70;102;2;499;04.10.2020 12:30;3
Divisionsturneringen 2020/2021;70;102;2;500;14.11.2020 12:30;4
Divisionsturneringen 2020/2021;70;102;2;501;14.11.2020 19:30;5
Divisionsturneringen 2020/2021;70;102;2;502;15.11.2020 12:30;6
Divisionsturneringen 2020/2021;70;102;2;503;09.01.2021 12:30;7
Divisionsturneringen 2020/2021;70;102;2;504;10.01.2021 09:00;8
Divisionsturneringen 2020/2021;70;102;2;505;06.03.2021 12:30;9
Divisionsturneringen 2020/2021;70;102;2;506;06.03.2021 19:30;10
Divisionsturneringen 2020/2021;70;102;2;507;07.03.2021 12:30;11
Divisionsturneringen 2020/2021;70;103;3;508;03.10.2020 12:30;1
Divisionsturneringen 2020/2021;70;103;3;509;03.10.2020 19:30;2
Divisionsturneringen 2020/2021;70;103;3;510;04.10.2020 12:30;3
Divisionsturneringen 2020/2021;70;103;3;511;14.11.2020 12:30;4
Divisionsturneringen 2020/2021;70;103;3;512;14.11.2020 19:30;5
Divisionsturneringen 2020/2021;70;103;3;513;15.11.2020 12:30;6
Divisionsturneringen 2020/2021;70;103;3;514;09.01.2021 12:30;7
Divisionsturneringen 2020/2021;70;103;3;515;10.01.2021 09:00;8
Divisionsturneringen 2020/2021;70;103;3;516;06.03.2021 12:30;9
Divisionsturneringen 2020/2021;70;103;3;517;06.03.2021 19:30;10
Divisionsturneringen 2020/2021;70;103;3;518;07.03.2021 12:30;11
Divisionsturneringen 2020/2021;70;104;4;519;03.10.2020 12:30;1
Divisionsturneringen 2020/2021;70;104;4;520;03.10.2020 19:30;2
Divisionsturneringen 2020/2021;70;104;4;521;04.10.2020 12:30;3
Divisionsturneringen 2020/2021;70;104;4;522;14.11.2020 12:30;4
Divisionsturneringen 2020/2021;70;104;4;523;14.11.2020 19:30;5
Divisionsturneringen 2020/2021;70;104;4;524;15.11.2020 12:30;6
Divisionsturneringen 2020/2021;70;104;4;525;09.01.2021 12:30;7
Divisionsturneringen 2020/2021;70;104;4;526;10.01.2021 09:00;8
Divisionsturneringen 2020/2021;70;104;4;527;06.03.2021 12:30;9
Divisionsturneringen 2020/2021;70;104;4;528;06.03.2021 19:30;10
Divisionsturneringen 2020/2021;70;104;4;529;07.03.2021 12:30;11
Divisionsturneringen 2021/2022;124;191;1;900;09.10.2021 12:30;1
Divisionsturneringen 2021/2022;124;191;1;901;09.10.2021 19:30;2
Divisionsturneringen 2021/2022;124;191;1;902;10.10.2021 12:30;3
Divisionsturneringen 2021/2022;124;191;1;903;13.11.2021 12:30;4
Divisionsturneringen 2021/2022;124;191;1;904;13.11.2021 19:30;5
Divisionsturneringen 2021/2022;124;191;1;905;14.11.2021 12:30;6
Divisionsturneringen 2021/2022;124;191;1;906;15.01.2022 12:30;7
Divisionsturneringen 2021/2022;124;191;1;907;16.01.2022 09:00;8
Divisionsturneringen 2021/2022;124;191;1;908;05.03.2022 12:30;9
Divisionsturneringen 2021/2022;124;191;1;909;05.03.2022 19:30;10
Divisionsturneringen 2021/2022;124;191;1;910;06.03.2022 12:30;11
Divisionsturneringen 2021/2022;124;192;2;911;09.10.2021 12:30;1
Divisionsturneringen 2021/2022;124;192;2;912;09.10.2021 19:30;2
Divisionsturneringen 2021/2022;124;192;2;913;10.10.2021 12:30;3
Divisionsturneringen 2021/2022;124;192;2;914;13.11.2021 12:30;4
Divisionsturneringen 2021/2022;124;192;2;915;13.11.2021 19:30;5
Divisionsturneringen 2021/2022;124;192;2;916;14.11.2021 12:30;6
Divisionsturneringen 2021/2022;124;192;2;917;15.01.2022 12:30;7
Divisionsturneringen 2021/2022;124;192;2;918;16.01.2022 09:00;8
Divisionsturneringen 2021/2022;124;192;2;919;05.03.2022 12:30;9
Divisionsturneringen 2021/2022;124;192;2;920;05.03.2022 19:30;10
Divisionsturneringen 2021/2022;124;192;2;921;06.03.2022 12:30;11
Divisionsturneringen 2021/2022;124;193;3;922;09.10.2021 12:30;1
Divisionsturneringen 2021/2022;124;193;3;923;09.10.2021 19:30;2
Divisionsturneringen 2021/2022;124;193;3;924;10.10.2021 12:30;3
Divisionsturneringen 2021/2022;124;193;3;925;13.11.2021 12:30;4
Divisionsturneringen 2021/2022;124;193;3;926;13.11.2021 19:30;5
Divisionsturneringen 2021/2022;124;193;3;927;14.11.2021 12:30;6
Divisionsturneringen 2021/2022;124;193;3;928;15.01.2022 12:30;7
Divisionsturneringen 2021/2022;124;193;3;929;16.01.2022 09:00;8
Divisionsturneringen 2021/2022;124;193;3;930;05.03.2022 12:30;9
Divisionsturneringen 2021/2022;124;193;3;931;05.03.2022 19:30;10
Divisionsturneringen 2021/2022;124;193;3;932;06.03.2022 12:30;11
Divisionsturneringen 2021/2022;124;194;4;933;09.10.2021 12:30;1
Divisionsturneringen 2021/2022;124;194;4;934;09.10.2021 19:30;2
Divisionsturneringen 2021/2022;124;194;4;935;10.10.2021 12:30;3
Divisionsturneringen 2021/2022;124;194;4;936;13.11.2021 12:30;4
Divisionsturneringen 2021/2022;124;194;4;937;13.11.2021 19:30;5
Divisionsturneringen 2021/2022;124;194;4;938;14.11.2021 12:30;6
Divisionsturneringen 2021/2022;124;194;4;939;15.01.2022 12:30;7
Divisionsturneringen 2021/2022;124;194;4;940;16.01.2022 09:00;8
Divisionsturneringen 2021/2022;124;194;4;941;05.03.2022 12:30;9
Divisionsturneringen 2021/2022;124;194;4;942;05.03.2022 19:30;10
Divisionsturneringen 2021/2022;124;194;4;943;06.03.2022 12:30;11
Divisionsturneringen 2022/2023;144;216;1;1.083;08.10.2022 12:30;1
Divisionsturneringen 2022/2023;144;216;1;1.084;08.10.2022 19:30;2
Divisionsturneringen 2022/2023;144;216;1;1.085;09.10.2022 12:30;3
Divisionsturneringen 2022/2023;144;216;1;1.086;19.11.2022 12:30;4
Divisionsturneringen 2022/2023;144;216;1;1.087;19.11.2022 19:30;5
Divisionsturneringen 2022/2023;144;216;1;1.088;20.11.2022 12:30;6
Divisionsturneringen 2022/2023;144;216;1;1.089;14.01.2023 12:30;7
Divisionsturneringen 2022/2023;144;216;1;1.090;15.01.2023 09:00;8
Divisionsturneringen 2022/2023;144;216;1;1.091;04.03.2023 12:30;9
Divisionsturneringen 2022/2023;144;216;1;1.092;04.03.2023 19:30;10
Divisionsturneringen 2022/2023;144;216;1;1.093;05.03.2023 12:30;11
Divisionsturneringen 2022/2023;144;217;2;1.094;08.10.2022 12:30;1
Divisionsturneringen 2022/2023;144;217;2;1.095;08.10.2022 19:30;2
Divisionsturneringen 2022/2023;144;217;2;1.096;09.10.2022 12:30;3
Divisionsturneringen 2022/2023;144;217;2;1.097;19.11.2022 12:30;4
Divisionsturneringen 2022/2023;144;217;2;1.098;19.11.2022 19:30;5
Divisionsturneringen 2022/2023;144;217;2;1.099;20.11.2022 12:30;6
Divisionsturneringen 2022/2023;144;217;2;1.100;14.01.2023 12:30;7
Divisionsturneringen 2022/2023;144;217;2;1.101;15.01.2023 09:00;8
Divisionsturneringen 2022/2023;144;217;2;1.102;04.03.2023 12:30;9
Divisionsturneringen 2022/2023;144;217;2;1.103;04.03.2023 19:30;10
Divisionsturneringen 2022/2023;144;217;2;1.104;05.03.2023 12:30;11
Divisionsturneringen 2022/2023;144;218;3;1.105;08.10.2022 12:30;1
Divisionsturneringen 2022/2023;144;218;3;1.106;08.10.2022 19:30;2
Divisionsturneringen 2022/2023;144;218;3;1.107;09.10.2022 12:30;3
Divisionsturneringen 2022/2023;144;218;3;1.108;19.11.2022 12:30;4
Divisionsturneringen 2022/2023;144;218;3;1.109;19.11.2022 19:30;5
Divisionsturneringen 2022/2023;144;218;3;1.110;20.11.2022 12:30;6
Divisionsturneringen 2022/2023;144;218;3;1.111;14.01.2023 12:30;7
Divisionsturneringen 2022/2023;144;218;3;1.112;15.01.2023 09:00;8
Divisionsturneringen 2022/2023;144;218;3;1.113;04.03.2023 12:30;9
Divisionsturneringen 2022/2023;144;218;3;1.114;04.03.2023 19:30;10
Divisionsturneringen 2022/2023;144;218;3;1.115;05.03.2023 12:30;11
Divisionsturneringen 2022/2023;144;219;4;1.116;08.10.2022 12:30;1
Divisionsturneringen 2022/2023;144;219;4;1.117;08.10.2022 19:30;2
Divisionsturneringen 2022/2023;144;219;4;1.118;09.10.2022 12:30;3
Divisionsturneringen 2022/2023;144;219;4;1.119;19.11.2022 12:30;4
Divisionsturneringen 2022/2023;144;219;4;1.120;19.11.2022 19:30;5
Divisionsturneringen 2022/2023;144;219;4;1.121;20.11.2022 12:30;6
Divisionsturneringen 2022/2023;144;219;4;1.122;14.01.2023 12:30;7
Divisionsturneringen 2022/2023;144;219;4;1.123;15.01.2023 09:00;8
Divisionsturneringen 2022/2023;144;219;4;1.124;04.03.2023 12:30;9
Divisionsturneringen 2022/2023;144;219;4;1.125;04.03.2023 19:30;10
Divisionsturneringen 2022/2023;144;219;4;1.126;05.03.2023 12:30;11
Divisionsturneringen 2023/2024;163;242;1;1.250;07.10.2023 12:30;1
Divisionsturneringen 2023/2024;163;242;1;1.251;07.10.2023 19:30;2
Divisionsturneringen 2023/2024;163;242;1;1.252;08.10.2023 12:30;3
Divisionsturneringen 2023/2024;163;242;1;1.253;18.11.2023 12:30;4
Divisionsturneringen 2023/2024;163;242;1;1.254;18.11.2023 19:30;5
Divisionsturneringen 2023/2024;163;242;1;1.255;19.11.2023 12:30;6
Divisionsturneringen 2023/2024;163;242;1;1.256;13.01.2024 12:30;7
Divisionsturneringen 2023/2024;163;242;1;1.257;14.01.2024 09:00;8
Divisionsturneringen 2023/2024;163;242;1;1.258;02.03.2024 12:30;9
Divisionsturneringen 2023/2024;163;242;1;1.259;02.03.2024 19:30;10
Divisionsturneringen 2023/2024;163;242;1;1.260;03.03.2024 12:30;11
Divisionsturneringen 2023/2024;163;243;2;1.261;07.10.2023 12:30;1
Divisionsturneringen 2023/2024;163;243;2;1.262;07.10.2023 19:30;2
Divisionsturneringen 2023/2024;163;243;2;1.263;08.10.2023 12:30;3
Divisionsturneringen 2023/2024;163;243;2;1.264;18.11.2023 12:30;4
Divisionsturneringen 2023/2024;163;243;2;1.265;18.11.2023 19:30;5
Divisionsturneringen 2023/2024;163;243;2;1.266;19.11.2023 12:30;6
Divisionsturneringen 2023/2024;163;243;2;1.267;13.01.2024 12:30;7
Divisionsturneringen 2023/2024;163;243;2;1.268;14.01.2024 09:00;8
Divisionsturneringen 2023/2024;163;243;2;1.269;02.03.2024 12:30;9
Divisionsturneringen 2023/2024;163;243;2;1.270;02.03.2024 19:30;10
Divisionsturneringen 2023/2024;163;243;2;1.271;03.03.2024 12:30;11
Divisionsturneringen 2023/2024;163;244;3;1.272;07.10.2023 12:30;1
Divisionsturneringen 2023/2024;163;244;3;1.273;07.10.2023 19:30;2
Divisionsturneringen 2023/2024;163;244;3;1.274;08.10.2023 12:30;3
Divisionsturneringen 2023/2024;163;244;3;1.275;18.11.2023 12:30;4
Divisionsturneringen 2023/2024;163;244;3;1.276;18.11.2023 19:30;5
Divisionsturneringen 2023/2024;163;244;3;1.277;19.11.2023 12:30;6
Divisionsturneringen 2023/2024;163;244;3;1.278;13.01.2024 12:30;7
Divisionsturneringen 2023/2024;163;244;3;1.279;14.01.2024 09:00;8
Divisionsturneringen 2023/2024;163;244;3;1.280;02.03.2024 12:30;9
Divisionsturneringen 2023/2024;163;244;3;1.281;02.03.2024 19:30;10
Divisionsturneringen 2023/2024;163;244;3;1.282;03.03.2024 12:30;11
Divisionsturneringen 2023/2024;163;245;4;1.283;07.10.2023 12:30;1
Divisionsturneringen 2023/2024;163;245;4;1.284;07.10.2023 19:30;2
Divisionsturneringen 2023/2024;163;245;4;1.285;08.10.2023 12:30;3
Divisionsturneringen 2023/2024;163;245;4;1.286;18.11.2023 12:30;4
Divisionsturneringen 2023/2024;163;245;4;1.287;18.11.2023 19:30;5
Divisionsturneringen 2023/2024;163;245;4;1.288;19.11.2023 12:30;6
Divisionsturneringen 2023/2024;163;245;4;1.289;13.01.2024 12:30;7
Divisionsturneringen 2023/2024;163;245;4;1.290;14.01.2024 09:00;8
Divisionsturneringen 2023/2024;163;245;4;1.291;02.03.2024 12:30;9
Divisionsturneringen 2023/2024;163;245;4;1.292;02.03.2024 19:30;10
Divisionsturneringen 2023/2024;163;245;4;1.293;03.03.2024 12:30;11
Divisionsturneringen 2024/2025;218;347;1;1.540;05.10.2024 12:30;1
Divisionsturneringen 2024/2025;218;347;1;1.544;05.10.2024 19:30;2
Divisionsturneringen 2024/2025;218;347;1;1.545;06.10.2024 12:30;3
Divisionsturneringen 2024/2025;218;347;1;1.546;09.11.2024 12:30;4
Divisionsturneringen 2024/2025;218;347;1;1.547;10.11.2024 09:00;5
Divisionsturneringen 2024/2025;218;347;1;1.548;11.01.2025 12:30;6
Divisionsturneringen 2024/2025;218;347;1;1.549;11.01.2025 19:30;7
Divisionsturneringen 2024/2025;218;347;1;1.550;12.01.2025 12:30;8
Divisionsturneringen 2024/2025;218;347;1;1.551;01.03.2025 12:30;9
Divisionsturneringen 2024/2025;218;347;1;1.552;01.03.2025 19:30;10
Divisionsturneringen 2024/2025;218;347;1;1.553;02.03.2025 12:30;11
Divisionsturneringen 2024/2025;218;348;2;1.541;05.10.2024 12:30;1
Divisionsturneringen 2024/2025;218;348;2;1.554;05.10.2024 19:30;2
Divisionsturneringen 2024/2025;218;348;2;1.555;06.10.2024 12:30;3
Divisionsturneringen 2024/2025;218;348;2;1.556;09.11.2024 12:30;4
Divisionsturneringen 2024/2025;218;348;2;1.557;10.11.2024 09:00;5
Divisionsturneringen 2024/2025;218;348;2;1.558;11.01.2025 12:30;6
Divisionsturneringen 2024/2025;218;348;2;1.559;11.01.2025 19:30;7
Divisionsturneringen 2024/2025;218;348;2;1.560;12.01.2025 12:30;8
Divisionsturneringen 2024/2025;218;348;2;1.561;01.03.2025 12:30;9
Divisionsturneringen 2024/2025;218;348;2;1.562;01.03.2025 19:30;10
Divisionsturneringen 2024/2025;218;348;2;1.563;02.03.2025 12:30;11
Divisionsturneringen 2024/2025;218;349;3;1.542;05.10.2024 12:30;1
Divisionsturneringen 2024/2025;218;349;3;1.564;05.10.2024 19:30;2
Divisionsturneringen 2024/2025;218;349;3;1.565;06.10.2024 12:30;3
Divisionsturneringen 2024/2025;218;349;3;1.566;09.11.2024 12:30;4
Divisionsturneringen 2024/2025;218;349;3;1.567;10.11.2024 09:00;5
Divisionsturneringen 2024/2025;218;349;3;1.568;11.01.2025 12:30;6
Divisionsturneringen 2024/2025;218;349;3;1.569;11.01.2025 19:30;7
Divisionsturneringen 2024/2025;218;349;3;1.570;12.01.2025 12:30;8
Divisionsturneringen 2024/2025;218;349;3;1.571;01.03.2025 12:30;9
Divisionsturneringen 2024/2025;218;349;3;1.572;01.03.2025 19:30;10
Divisionsturneringen 2024/2025;218;349;3;1.573;02.03.2025 12:30;11
Divisionsturneringen 2024/2025;218;350;4;1.543;05.10.2024 12:30;1
Divisionsturneringen 2024/2025;218;350;4;1.574;05.10.2024 19:30;2
Divisionsturneringen 2024/2025;218;350;4;1.575;06.10.2024 12:30;3
Divisionsturneringen 2024/2025;218;350;4;1.576;09.11.2024 12:30;4
Divisionsturneringen 2024/2025;218;350;4;1.577;10.11.2024 09:00;5
Divisionsturneringen 2024/2025;218;350;4;1.578;11.01.2025 12:30;6
Divisionsturneringen 2024/2025;218;350;4;1.579;11.01.2025 19:30;7
Divisionsturneringen 2024/2025;218;350;4;1.580;12.01.2025 12:30;8
Divisionsturneringen 2024/2025;218;350;4;1.581;01.03.2025 12:30;9
Divisionsturneringen 2024/2025;218;350;4;1.582;01.03.2025 19:30;10
Divisionsturneringen 2024/2025;218;350;4;1.583;02.03.2025 12:30;11
